Geschlecht,Age,Inzidenzort,Diagnose_ICD10_Code,Diagnosedatum,Verstorben,Anzahl_Tage_Diagnose_Tod
M,32,50022,C81,2001-05-20,J,59
M,75,44302,C79,2012-01-20,J,338
M,64,44004,D17,2000-12-08,J,323
W,42,52097,C90,2018-11-23,N,171
W,36,46472,C92,2010-12-30,N,33
W,28,38298,C71,2003-02-03,N,77
M,33,34047,C86,2012-11-09,N,182
M,20,70139,C82,2000-06-10,N,77
W,55,52547,C68,2008-05-14,J,96
W,66,37085,D10,2019-04-14,J,316
W,41,63543,C91,2011-03-17,N,304
W,45,35383,C54,2015-06-07,N,359
W,45,62072,C91,2014-12-20,N,72
W,35,68850,C91,2005-05-30,N,54
M,15,40035,C92,2014-10-05,J,220
M,8,67888,C53,2008-03-04,J,27
W,8,65643,C72,2001-11-02,J,136
W,10,50902,C57,2019-10-25,J,185
M,77,39228,C94,2008-01-05,J,43
M,86,20824,D11,2016-09-15,J,180
M,58,61487,C93,2014-06-20,J,110
M,54,62101,C91,2010-08-21,J,87
M,18,27175,C90,2002-06-22,N,257
M,22,36303,C90,2006-01-02,N,98
W,9,64473,C82,2013-04-12,N,293
W,3,37368,C84,2006-12-08,N,193
W,15,55842,D04,2018-09-01,N,318
W,13,15345,C92,2017-05-07,N,80
W,9,52866,C24,2001-03-18,N,341
W,24,68348,C91,2015-08-28,N,15
M,82,58478,D03,2019-07-28,N,61
M,65,30722,C86,2002-10-07,N,58
M,63,49962,C90,2000-06-04,N,204
M,10,47050,C86,2019-11-28,N,302
W,61,26553,C86,2014-08-02,J,338
M,78,58740,C92,2018-05-28,N,123
M,73,80205,C72,2013-06-10,N,105
M,65,60740,D28,2005-02-06,N,210
W,55,72471,C95,2010-06-07,J,228
W,10,68199,C95,2005-12-13,J,311
W,23,63818,C95,2018-09-15,J,125
W,6,67902,D01,2002-02-24,J,150
D,93,13824,D10,1985-08-22,J,140
M,40,26212,C54,1988-04-17,N,
D,57,73059,D28,1990-11-29,N,
W,71,52422,C24,1995-03-18,J,107
W,52,75636,C94,2002-07-22,J,112
M,69,29237,C93,1983-03-01,N,
D,28,23731,C68,2006-07-07,J,342
W,90,78956,D01,2014-05-28,N,
W,97,58546,C82,2021-09-12,N,
W,35,39730,C71,1977-05-29,N,
M,42,44258,D17,1975-05-31,N,
M,91,53460,C86,2008-01-07,N,
D,55,55066,C71,2022-07-20,J,217
M,99,63545,C54,1978-12-07,J,166
W,87,13034,D11,2011-01-06,J,150
M,25,57318,D11,2007-06-24,N,
W,62,22805,C86,1998-12-18,N,
D,61,49514,C72,1971-05-22,J,39
M,38,82287,C90,2003-05-05,N,
W,87,24215,C92,2011-01-07,J,218
M,57,46355,D04,1992-11-08,N,
M,94,63096,D04,1980-05-17,N,
W,27,59039,C94,2019-08-16,N,
D,48,78035,C84,2015-06-28,N,
M,46,95552,D01,1993-06-22,N,
W,91,23871,C94,2022-07-23,N,
D,40,36310,C91,2008-05-10,N,
W,53,74763,D17,1985-07-21,J,188
M,95,16211,D01,2003-01-18,J,340
D,90,11368,C71,2021-03-06,N,
W,87,88247,C95,2009-03-29,J,336
D,71,35274,C53,2019-08-26,N,
D,89,30118,C93,2013-10-03,J,139
M,81,89581,C82,1973-03-25,N,
M,65,57612,D11,1976-02-04,J,287
W,86,75184,D28,2016-04-12,N,
D,45,64071,C57,1974-04-19,N,
W,25,24451,D04,1978-03-17,J,327
D,70,17617,C92,1982-01-09,N,
D,35,68460,C90,2013-11-22,N,
D,71,47721,C68,1992-11-29,N,
W,91,86804,C54,1988-07-09,N,
M,76,62001,C91,1991-10-13,N,
M,95,94007,C94,2005-08-08,N,
W,32,61847,C53,2001-06-08,N,
M,23,47467,C57,1977-01-28,N,
W,68,47146,D01,1975-11-28,J,336
D,73,19820,D28,1981-07-26,N,
D,79,46117,D17,2003-11-24,N,
M,90,47110,C90,1970-04-25,J,231
M,93,88375,D01,1983-05-04,J,188
D,85,55980,C57,1989-02-02,N,
W,92,73533,C92,1971-09-30,J,75
M,77,13485,C24,1989-01-26,J,218
W,92,67746,C24,1972-07-23,N,
D,32,50089,D10,1987-10-21,N,
D,96,83079,D17,2020-12-02,N,
M,61,54918,C57,1976-06-19,J,27
W,93,51180,D04,1979-12-02,N,
W,31,50587,C71,1980-02-02,N,
W,49,12503,C54,1979-03-23,J,100
W,81,95375,C81,1987-06-27,N,
W,76,57077,D10,1981-07-23,N,
M,55,61965,D17,1985-10-05,J,83
D,29,50861,C95,1993-12-20,N,
W,47,44283,C81,1972-08-04,J,319
W,79,68840,C72,1978-01-02,J,280
D,35,20104,C79,1999-05-04,N,
M,30,89245,D11,2006-07-15,N,
M,63,22530,D03,1993-08-26,J,205
D,31,66509,C84,1974-04-14,J,147
M,56,28758,C86,2004-04-21,J,230
W,55,56241,C79,1970-03-05,N,
M,67,68957,D28,1977-01-17,N,
W,56,37398,C72,2020-01-18,J,339
M,41,23058,D17,2002-08-27,N,
W,52,99546,C79,1985-04-13,J,227
W,95,87829,C91,1986-09-08,N,
M,59,84259,D28,1971-08-30,J,170
D,83,54421,D28,2013-11-28,J,36
M,38,15178,D11,2009-04-07,J,305
M,49,71621,D03,1986-12-21,J,266
W,38,67634,D01,1984-04-05,J,212
M,54,85518,C79,1999-07-30,N,
M,88,18035,D10,1987-07-12,J,155
W,71,10174,C90,1973-09-11,J,43
D,33,70455,C72,2007-04-17,N,
D,99,57764,C90,2011-01-01,J,316
W,90,56470,C90,1982-01-20,J,227
W,27,33803,C72,1990-03-30,N,
M,91,69166,C93,1996-10-17,J,252
D,53,32722,C93,1976-06-22,N,
M,39,96407,C81,1975-04-18,J,16
M,75,14637,C79,1976-03-17,N,
M,30,21327,C93,1972-04-18,N,
W,40,40287,C90,2001-05-30,N,
M,85,35847,C84,1974-08-03,N,
D,26,56646,D10,2002-07-06,J,356
W,27,20666,C84,1999-01-14,J,22
D,94,13950,C54,1986-08-02,N,
D,97,54527,C86,1996-02-13,J,64
