Geschlecht,Geburtsdatum,Diagnosedatum,Inzidenzort,Diagnose_ICD10_Code,Verstorben,Anzahl_Tage_Diagnose_Tod,Age
M,1969-04-19,2001-05-20,50022,C81,J,59,32
M,1936-05-09,2012-01-20,44302,C79,J,338,75
M,1936-05-09,2000-12-08,44004,D17,J,323,64
W,1976-11-04,2018-11-23,52097,C90,N,171,42
W,1974-06-07,2010-12-30,46472,C92,N,33,36
W,1974-06-07,2003-02-03,38298,C71,N,77,28
M,1979-07-30,2012-11-09,34047,C86,N,182,33
M,1979-07-30,2000-06-10,70139,C82,N,77,20
W,1952-05-18,2008-05-14,52547,C68,J,96,55
W,1952-05-18,2019-04-14,37085,D10,J,316,66
W,1969-07-31,2011-03-17,63543,C91,N,304,41
W,1969-07-31,2015-06-07,35383,C54,N,359,45
W,1969-07-31,2014-12-20,62072,C91,N,72,45
W,1969-07-31,2005-05-30,68850,C91,N,54,35
M,1999-07-29,2014-10-05,40035,C92,J,220,15
M,1999-07-29,2008-03-04,67888,C53,J,27,8
W,2008-11-09,2001-11-02,65643,C72,J,136,8
W,2008-11-09,2019-10-25,50902,C57,J,185,10
M,1930-01-23,2008-01-05,39228,C94,J,43,77
M,1930-01-23,2016-09-15,20824,D11,J,180,86
M,1956-04-14,2014-06-20,61487,C93,J,110,58
M,1956-04-14,2010-08-21,62101,C91,J,87,54
M,1983-06-29,2002-06-22,27175,C90,N,257,18
M,1983-06-29,2006-01-02,36303,C90,N,98,22
W,2003-06-25,2013-04-12,64473,C82,N,293,9
W,2003-06-25,2006-12-08,37368,C84,N,193,3
W,2003-06-25,2018-09-01,55842,D04,N,318,15
W,2003-06-25,2017-05-07,15345,C92,N,80,13
W,1991-04-30,2001-03-18,52866,C24,N,341,9
W,1991-04-30,2015-08-28,68348,C91,N,15,24
M,1937-05-06,2019-07-28,58478,D03,N,61,82
M,1937-05-06,2002-10-07,30722,C86,N,58,65
M,1937-05-06,2000-06-04,49962,C90,N,204,63
M,2009-05-19,2019-11-28,47050,C86,N,302,10
W,1953-07-23,2014-08-02,26553,C86,J,338,61
M,1939-08-29,2018-05-28,58740,C92,N,123,78
M,1939-08-29,2013-06-10,80205,C72,N,105,73
M,1939-08-29,2005-02-06,60740,D28,N,210,65
W,1954-09-18,2010-06-07,72471,C95,J,228,55
W,1995-03-27,2005-12-13,68199,C95,J,311,10
W,1995-03-27,2018-09-15,63818,C95,J,125,23
W,1995-03-27,2002-02-24,67902,D01,J,150,6
